<application>
  <component name="StudioBotSettings">
    <option name="acceptedTermsVersion" value="3" />
    <option name="contextSharingModeV2" value="AlwaysShare" />
    <option name="dasherProductVariant" value="Free" />
    <option name="onboardedVersion" value="3" />
    <option name="queryHistory">
      <list>
        <historyEntry timestamp="1750091147570">dentro da estrutura de um projeto onde eu colocaria esse arquivo AppRoutes?</historyEntry>
        <historyEntry timestamp="1750091055246">Cria pra mim um exemplo de compose navigation com routes</historyEntry>
        <historyEntry timestamp="1750090662218">object class sample kotlin</historyEntry>
        <historyEntry timestamp="1749745833525">what is sealed class?</historyEntry>
        <historyEntry timestamp="1749744525378">how to import this component</historyEntry>
        <historyEntry timestamp="1749744497039">Make suggestions to improve this code:
```kotlin
@Composable
fun TesteView2() {
    Column(
        modifier = Modifier
            .fillMaxSize()
            .background(Color.Red)
    )
    {

        Button(
            onClick = { /*TODO*/ },
            enabled = true
        ) {

        }
    }
}
```</historyEntry>
        <historyEntry timestamp="1749668622637">what mylist[it] means?</historyEntry>
        <historyEntry timestamp="1749659477615">this piece of code, what is the issue? 
val myList: Int = (0..25).map {
                Item(
                    title = &quot;Ítem ${it + 1}&quot;,
                    description = &quot;Descripción del ítem ${it + 1}. Lorem ipsum dolor sit amet, consectetur adipiscing elit. &quot;,
                )
            }</historyEntry>
        <historyEntry timestamp="1748880445223">no, in navgraph i need to import to project with new gradle pattern, the catalog in toml filke</historyEntry>
        <historyEntry timestamp="1748880320743">change to new pattern, catalog</historyEntry>
        <historyEntry timestamp="1748880277792">how to import navGraph libs?</historyEntry>
        <historyEntry timestamp="1748879765356">em kotlin a declaração de variáveis é feita como tipo: nomeVariavel?</historyEntry>
        <historyEntry timestamp="1744834193724">como mover meu aplicativo inteiro para dentro de tecnixinfo</historyEntry>
      </list>
    </option>
  </component>
</application>