<application>
  <component name="Trusted.Paths">
    <option name="TRUSTED_PROJECT_PATHS">
      <map>
        <entry key="C:\Users\Abrahao\AndroidStudioProjects\MyApplication" value="true" />
        <entry key="F:\DESENVOLVIMENTO\Gpos780" value="true" />
        <entry key="F:\DESENVOLVIMENTO\android\App" value="true" />
        <entry key="F:\DESENVOLVIMENTO\android\GarantiaAqui" value="true" />
        <entry key="F:\DESENVOLVIMENTO\android\GarantiaAqui\app" value="true" />
        <entry key="F:\DESENVOLVIMENTO\android\Gpos780" value="true" />
        <entry key="F:\DESENVOLVIMENTO\android\TesteKtor" value="true" />
        <entry key="F:\DESENVOLVIMENTO\android\TestesJetpackCompose" value="true" />
        <entry key="F:\DESENVOLVIMENTO\android\curso-jamilton\12-Consumo-WebService" value="true" />
        <entry key="F:\DESENVOLVIMENTO\android\curso-jamilton\12-Consumo-WebService\3-Threads" value="true" />
        <entry key="F:\DESENVOLVIMENTO\android\curso-jamilton\12-Consumo-WebService\3-Threads\app" value="true" />
        <entry key="F:\DESENVOLVIMENTO\android\exemplo-gertec-gpos780\Exemplo em Kotlin - EasyLayer" value="true" />
        <entry key="F:\DESENVOLVIMENTO\android\garantiaaqui" value="true" />
        <entry key="F:\DESENVOLVIMENTO\android\jetpack" value="true" />
        <entry key="F:\DESENVOLVIMENTO\android\mSiTefExemplo" value="true" />
        <entry key="F:\DESENVOLVIMENTO\android\mastering-kotlin\cap5-Koin" value="true" />
        <entry key="F:\DESENVOLVIMENTO\android\mastering-kotlin\cap5\app" value="true" />
        <entry key="F:\DESENVOLVIMENTO\android\testektor" value="true" />
        <entry key="F:\DESENVOLVIMENTO\gpos780-tecnix" value="true" />
        <entry key="F:\git\Android\gpos780" value="true" />
      </map>
    </option>
  </component>
  <component name="Trusted.Paths.Settings">
    <option name="TRUSTED_PATHS">
      <list>
        <option value="F:\DESENVOLVIMENTO\android\curso-jamilton" />
        <option value="F:\DESENVOLVIMENTO\android" />
        <option value="F:\git\Android" />
      </list>
    </option>
  </component>
</application>