<application>
  <component name="DimensionService">
    <location key="WELCOME_SCREEN.0.0.1920.1080" x="902" y="300" />
    <location key="find.popup.0.0.1920.1080" x="724" y="127" />
    <size key="GridCell.Tab.0.left.0.0.1920.1080" width="1854" height="319" />
    <size key="GridCell.Tab.0.center.0.0.1920.1080" width="1854" height="319" />
    <size key="GridCell.Tab.0.right.0.0.1920.1080" width="1854" height="319" />
    <size key="GridCell.Tab.0.bottom.0.0.1920.1080" width="1854" height="319" />
    <size key="GridCell.Tab.1.left.0.0.1920.1080" width="1854" height="319" />
    <size key="GridCell.Tab.1.center.0.0.1920.1080" width="1854" height="319" />
    <size key="GridCell.Tab.1.right.0.0.1920.1080" width="1854" height="319" />
    <size key="GridCell.Tab.1.bottom.0.0.1920.1080" width="1854" height="319" />
    <size key="GridCell.Tab.0.left.-1366.156.1366.768" width="1854" height="307" />
    <size key="GridCell.Tab.0.center.-1366.156.1366.768" width="1854" height="307" />
    <size key="GridCell.Tab.0.right.-1366.156.1366.768" width="1854" height="307" />
    <size key="GridCell.Tab.0.bottom.-1366.156.1366.768" width="1854" height="307" />
    <size key="GridCell.Tab.1.left.-1366.156.1366.768" width="1854" height="307" />
    <size key="GridCell.Tab.1.center.-1366.156.1366.768" width="1854" height="307" />
    <size key="GridCell.Tab.1.right.-1366.156.1366.768" width="1854" height="307" />
    <size key="GridCell.Tab.1.bottom.-1366.156.1366.768" width="1854" height="307" />
    <size key="find.popup.0.0.1920.1080" width="644" height="789" />
  </component>
  <component name="WindowManager">
    <frame x="-8" y="-8" width="1936" height="1048" extendedState="6" />
  </component>
  <component name="WindowStateApplicationService">
    <state x="740" y="199" key="FileChooserDialogImpl" timestamp="1748977225779">
      <screen x="0" y="0" width="1920" height="1032" />
    </state>
    <state x="740" y="199" key="FileChooserDialogImpl/-1366.156.1366.720/0.0.1920.1032" timestamp="1748977225779" />
    <state width="634" height="229" key="ShowUsagesActions.dimensionServiceKey" timestamp="1748874873496">
      <screen x="0" y="0" width="1920" height="1032" />
    </state>
    <state width="634" height="229" key="ShowUsagesActions.dimensionServiceKey/-1366.156.1366.720/0.0.1920.1032" timestamp="1748874873496" />
    <state x="960" y="519" width="1936" height="1048" key="WELCOME_SCREEN" timestamp="1751046239860">
      <screen x="0" y="0" width="1920" height="1032" />
    </state>
    <state x="960" y="519" width="1936" height="1048" key="WELCOME_SCREEN/-1366.156.1366.720/0.0.1920.1032" timestamp="1751046239860" />
  </component>
</application>